{
    "radius": 0.5,
    "save_path": "data/policy/DPC_p2p/",
    "media_path": "data/media/dpc/images/",
    "nstep": 100,
    "epochs": 10,
    "iterations": 2,
    "lr": 0.01,
    "Ts": 0.1,
    "minibatch_size": 100,
    "batch_size": 10000,
    "x_range": 3.0,
    "r_range": 3.0,
    "cyl_range": 3.0,
    "use_rad_multiplier": false,
    "train": true,
    "use_terminal_state_penalty": true,
    "Q_con": 1000000.0,
    "Q_terminal": 10.0,
    "delta_terminal": 0.1,
    "x_noise_std": 0.0,
    "use_custom_callback": true,
    "lr_multiplier": 0.2,
    "nstep_multiplier": 1,
    "use_old_datasets": false,
    "sample_type": "uniform",
    "barrier_type": "softexp",
    "barrier_alpha": 0.05,
    "use_cyl_constraint": true,
    "validate_data": false,
    "task": "wp_p2p",
    "Qpos": 5.0,
    "Qvel": 5.0,
    "R": 0.01,
    "optimizer": "adagrad",
    "fig8_observe_error": true,
    "p2p_dataset": "cylinder_random",
    "shuffle_dataloaders": false
}